sgRNA_ID,Sequence,E2_RC,E3_RC,D3_RC,D4_RC
1362,CGATAGTTGCAAGTGATTCA,3755,3476,42,75
1920,GGAGTACGACATGACGACCA,3694,3444,2973,4568
2017,TTCAAGCGAATCCTTTCTGC,3198,2924,2622,3690
1833,GGCCGGAAGCCGCACCGACT,3272,2859,2303,3382
1912,ACGTGGCATTTGTTTTAAGG,2103,2298,2281,3017
1886,CGTCACCGCGTATCGCCGTC,3665,3093,2219,3449
1831,TGCGACCGATCATGGAGGAC,3165,2857,2045,3134
2045,CTATTTCTCGAGAAGCTCGA,2529,2543,628,956
2040,AGACTTGAAGCTAGGACATG,2635,2498,1831,2657
1829,GCTTGTCTGTGTGCGCTTCG,2930,2531,2018,2763
1374,AACCAGCGGCCCGGGATAGT,2241,2034,650,930
1350,GCCCGCCCCAAGTGCCGAAA,2463,2384,789,1096
1847,TGGGCGAAACCTGCGAGAGA,2288,2097,1653,2551
1871,CACGGAGTCACCACGATGCA,2661,2383,1656,2413
2004,GCCATGCCGTACCAGTCCGA,2603,2205,1512,2170
2046,TCGTAAGTTTTGATTCAACG,1824,1769,1996,2767
1937,GTACGGCGAACTCCATGACC,2566,2134,1670,2383
1894,CTCGTCTTCATGGTGTGGAG,2533,2118,1756,2365
1913,GATAAAGGAACCTTAATGAA,1729,1715,1815,2748
1919,GTGGAGGTGAAATGGTCATC,2074,1932,1625,2332
1896,CGACGCGGCGTGGTTGAGGA,2485,2183,1579,2285
1832,GCCGAGAATTCGCATGAGTG,2157,2017,1620,2231
1999,CTATCGTGAAAGTCTTCCGC,2219,1892,1585,2327
2041,TGACGTCGGTTGCGTGGCCG,2369,2136,1649,2122
2014,CCATGACAGCCCTCCTCATC,2182,1980,1545,2286
1418,GGCCCGTTCACGCCAATAAC,2042,1877,808,1213
1940,ACACATCATGAATCTGACTA,1737,1783,1611,2250
2011,ACGAACAACCTGCCGCACAC,2252,1904,1513,2096
1870,ACTGGAGGCGGCATGAGGAC,2346,1989,1442,2033
1938,ACGGTGATTCCGCATTCGTT,1961,1843,1404,1895
1837,CTGATTACCGGTTTTCATGC,2037,1869,1562,2154
1866,CCCTCCCGAATCTCGATGGT,2034,1841,1411,1976
1867,GATGCGCAGCCGATCCACGT,2122,1819,1327,1916
1936,CTCATCAACGACATGCCTAC,2120,1851,1297,1789
2026,GCCGCGATGGCCGCTTCGCC,2036,1696,1065,1552
1903,GAATCACCAGCATACCGAGA,1867,1828,1415,2008
1898,GACGATCTCGGGAGGCTGGG,2074,1858,1328,1960
1842,CGCCCGTAACCAGGATCATG,1950,1709,1273,1739
2005,CTGGGTTTCTTCGTTGACAT,1331,1495,1298,1726
1840,CGCGATCGTGCAAAGGACGA,2125,1762,1314,1932
1911,AACGTATCGTTTCTGGAGGC,2063,1782,1436,1970
1856,CGATCATGTCGGCCTCCTCC,2048,1735,1382,1878
1916,CAAAGTATACCGACCATGAC,1576,1529,1323,1742
1828,AAGTCGTTGTTTCATCATGC,1577,1536,1281,1834
1869,CAGTCCGACCGTTTTAGAGC,1887,1597,1212,1845
1436,AACTTTCAGTTTAGCGGTCT,1371,1565,1429,1900
1914,TGTTTCCTTATCTGCTATTC,1581,1501,1367,1774
2013,GGGTGCGACGTCGTTCTTTC,1818,1670,1239,1842
1884,ACACGATGCAGATCGATTTC,1965,1749,1269,1827
2021,CTTCATGTGTTCGAATCCTG,1705,1612,1303,1801
1873,AAAGGAAGCCAGATGAACGT,1747,1537,1258,1805
1917,GAGTGAGCCCTCATGCGCAT,1819,1663,1141,1755
2015,CTTGGGTCATCTGTCGCTCC,1954,1698,1307,1788
2039,CATCGATAGATCCATTTACG,1737,1617,1208,1701
1879,GCACGGAGACGCCATGTCGT,1857,1579,1143,1575
2021,TCTTCATGTGTTCGAATCCT,1705,1612,1303,1801
1900,AGGTGCGATAGAAGAGCTGG,1652,1581,1283,1838
1857,ACGCCGCCTGCTCCGTCGCG,1911,1630,996,1601
1957,GTTCACCACCATGACTGCAT,1786,1572,1126,1613
2031,TCATTCCATGAGCACACCGT,1851,1511,1223,1611
2016,CCGGATGTTCTCGAACCCGG,1449,1396,1167,1582
1835,ATTGGAAATGAACGGCACGT,1587,1530,1243,1721
1834,ACGGCGATGGCGGTATCGAG,1663,1481,1117,1630
1905,TTGGGTTGGAACAGCAGCGA,1679,1528,1136,1615
1445,ACTCTCCGCTCTCCCGTTCA,1667,1482,1086,1614
1944,GCGATGACGTCACCCGCACC,1832,1637,1087,1636
1935,CACATGCTGCACCGACATCG,1827,1551,1162,1651
1923,CCATCGCGGGCTCTACGTGT,1703,1487,1079,1630
1435,GCGTTCATGTTCGGACGACT,1742,1563,1115,1662
2035,GGACGTTCGCTTGGCTCGTA,1698,1484,1098,1567
1890,GGACACCACGATGCCGCGCA,1872,1562,1064,1605
1921,GGCGGAGGCTGACATGATCA,1594,1410,1084,1677
1934,AGGCCGGAATACCGGAACAT,1531,1347,1163,1716
1933,GAGCAGACTTTCGCTGCAGC,1557,1524,1116,1622
1946,TAGATCGAGCGTCAACAAGA,1509,1430,1134,1613
1932,GAGCGAACGCGGATGACCGA,1521,1404,1061,1511
1908,AGTAGAGGATCAAAGTGGCT,1428,1296,1096,1620
1858,CATGAAAGACTCCGAAATAA,1007,1134,1100,1514
1902,CGTGACTGATTGATAAAGGA,1212,1223,1095,1539
2044,CGCCATGACTCAAGACGAAC,1390,1202,677,1050
1839,GAGACACAACAGTCACAATG,1388,1334,1040,1523
2036,ACAGGCTGAAAACCCATGAA,1047,1106,953,1473
1836,TAAGCCGGTTATTCTACCAC,1259,1202,1113,1632
1875,CACGGAGAACCGTTATGCGA,1547,1321,965,1417
1877,CGGCGCCAAACGACGCGCGC,1399,1271,895,1506
2030,TCACGCAGCTGCGAGCGCCA,1562,1280,1130,1679
1844,CATCATTCACTCCAATCTGA,1184,1202,1116,1538
1993,GTAGTCGGTTCATCGCACTA,1432,1292,1037,1534
1457,TAGGCATTGGACATAGGTTT,1378,1231,927,1438
1910,GAAATCGGCGTGCAGATTTT,1245,1216,1041,1500
1891,GCTTGCAACGGCCGCAAACC,1408,1296,949,1326
2034,AACGCGTTCATGAGCCAGAC,1466,1311,1035,1461
1998,GATGAGCGCGCCCGGCGGCC,1408,1226,1031,1526
1843,ATACACGGTGAACACCCTCG,1200,1136,943,1400
1931,TTCAAGCAAAGGGTTAGTCA,1157,1196,1095,1340
1929,GATTTGATCCGATGAGCACT,1265,1194,896,1384
1860,GTCGATGGTCATGAAGGTCT,1393,1242,954,1354
2038,AATGAGCGAACAGATCAAAC,1125,1115,828,1324
2006,GTCACGACTCTCTACGAGGA,1349,1201,1047,1458
1846,GTGGAGGCGAGCGTCATAAG,1229,1194,793,1104
1881,CGCAAGGAGATCACCATGTC,1346,1143,871,1219
1997,GATGACTCACCCGCAACCCT,1281,1163,924,1317
1880,GTCTCTCGGGGGATCAGACG,1207,1129,880,1276
2043,AGGTCAGAACATGAATAACA,916,965,829,1379
2021,CGCAACCCTGTTTTAGAGCT,1705,1612,1303,1801
1968,TTTCAGCGAGGTTGGTATGT,952,982,798,1135
1901,AGGGTATTGAAAAGGAAAGC,756,817,742,982
1865,GCAATCAACAGCAGCGAACG,1091,1011,706,991
2018,AAACATATTTGGTCATCGCG,881,885,920,1283
1906,ATCGCAGTCGGGAATGGAGA,1015,932,803,1208
1922,ACTTCGGACGGCTCATGATG,1161,998,771,1087
1859,CATCTTCACCTCCGTTGAAG,1072,916,817,1090
1883,GCGTCATGACACGCGTGCTC,1158,992,614,1000
1431,GCATGAGAATTTCTTCAATA,535,611,733,961
1850,GGCTCAGCAACATGATCTCC,1073,948,732,1031
2029,AAAAGTCGGGGAGTCACGAA,882,871,747,1096
1838,GCCGCCACGCATCGCGCACG,1093,965,595,897
1872,TTTCTTCATGGTTGTCTCCT,705,784,800,1046
1897,TATTTACAAGGACTCTGGAT,738,739,792,1072
1851,TTCTGGCGATTTTCACGTTT,836,822,796,1133
1853,GGCCAGCACGACTGCGCCGA,938,810,655,880
1845,TTTGCACGCTGAAAAAACGC,881,848,616,909
1904,GATTAAGTTGGGAAAGACAA,667,742,678,969
2012,ACGCTCGATCGATTTCCTTC,798,761,608,914
2037,TATGCATTTATCCGAGCTCA,759,790,692,1042
1854,GATCCTGTCGGAAATTGCAC,847,770,679,977
1909,CTGAACAAGTAAAGGAAGAG,709,746,661,913
1878,TAACAAGGAGTTTGGAGACA,704,732,686,915
2032,GGGACATGGAAACGTGACTC,840,745,560,863
1864,AGAGAGCATGTCATGCAACA,676,674,601,803
1470,TTTATAGGCATTGGACATAG,656,613,652,851
1841,AATCTGCCCGGCTCATCGCC,668,649,587,851
1863,CGAATGAACAAGACTCTGAT,652,637,582,758
2028,ATGACAACCACGAACTGTAG,759,691,618,857
1947,GTGTTTTTGTTCATACGAAT,522,562,587,799
1885,CATCAACGGAGGAGCACAGG,742,782,636,868
2003,ATCATGAAAGTCATCAGCTG,635,649,718,1107
1889,AAAGCCATTAAATTCCTCCA,392,505,576,701
1876,CGGCACAATGCCGCCCATGC,420,451,330,487
1848,TCGACGCTCATCTGGGTCTC,480,439,274,448
1849,AGCTTGAACGACATGACGGA,449,413,314,450
1862,ATATGCTCGGGGGCATGATG,290,314,320,448
1928,CATGGGAATTTTCTCGTTGT,149,199,278,317
2023,AGCGACGAAAGCATCGCATG,194,208,264,367
2033,GCATTACACACTCCTTGGTT,138,129,187,255
1989,CGAAGGCTCTTCATGCTTAC,24,40,#N/A,39
2007,ACGAAGCGAGGATCTGACAT,20,23,24,38
2022,AATGCGCCGCCCCGCTCCCA,27,20,27,44
1930,GATCGACACAGGAAAATTGC,#N/A,31,23,43